{
    "Micro": {
        "Business_Age": {
            "p5": 1.0,
            "p95": 17.793136580329975
        },
        "Monthly_GST_Sales": {
            "p5": 80717.46273265606,
            "p95": 1595118.0248563525
        },
        "GST_Growth_Rate": {
            "p5": -0.09458522461259437,
            "p95": 0.33402794236251787
        },
        "GST_Filing_Delay": {
            "p5": 1.580684110593177,
            "p95": 27.24362331212065
        },
        "GST_Compliance_Rate": {
            "p5": 0.8194562191276434,
            "p95": 1.0
        },
        "Monthly_UPI_Count": {
            "p5": 10.0,
            "p95": 55.0
        },
        "Monthly_UPI_Value": {
            "p5": 9469.277170996387,
            "p95": 101573.60118557833
        },
        "Digital_Sales_Ratio": {
            "p5": 0.3143490729628081,
            "p95": 0.939758369546609
        },
        "Average_Bank_Balance": {
            "p5": 7036.427885772401,
            "p95": 169649.18203578657
        },
        "Monthly_Credit": {
            "p5": 76301.71955019572,
            "p95": 1502709.7459538947
        },
        "Monthly_Debit": {
            "p5": 56310.850241931184,
            "p95": 1173218.878916322
        },
        "Cashflow_Volatility": {
            "p5": 0.08229262426309997,
            "p95": 0.6486497956428625
        },
        "Employee_Count": {
            "p5": 1.0,
            "p95": 7.0
        },
        "Payroll_Consistency": {
            "p5": 0.6583727956021943,
            "p95": 0.8404948637120736
        },
        "Vendor_Payment_Delay": {
            "p5": 6.26711286190112,
            "p95": 24.357391338245016
        },
        "Working_Capital_Cycle": {
            "p5": 21.342681724329328,
            "p95": 102.05351447200033
        },
        "EMI_Bounce_Count": {
            "p5": 0.0,
            "p95": 3.0
        }
    },
    "Small": {
        "Business_Age": {
            "p5": 1.0,
            "p95": 18.167158148137005
        },
        "Monthly_GST_Sales": {
            "p5": 305282.84634944214,
            "p95": 4622769.216671788
        },
        "GST_Growth_Rate": {
            "p5": -0.09114851048525026,
            "p95": 0.33728878177467914
        },
        "GST_Filing_Delay": {
            "p5": 1.5409781091474748,
            "p95": 27.88079216458647
        },
        "GST_Compliance_Rate": {
            "p5": 0.8193406683299664,
            "p95": 1.0
        },
        "Monthly_UPI_Count": {
            "p5": 20.0,
            "p95": 98.0
        },
        "Monthly_UPI_Value": {
            "p5": 16668.989266488934,
            "p95": 186378.66419588687
        },
        "Digital_Sales_Ratio": {
            "p5": 0.30501279180723634,
            "p95": 0.936716060991854
        },
        "Average_Bank_Balance": {
            "p5": 48246.96054838358,
            "p95": 848965.16003448
        },
        "Monthly_Credit": {
            "p5": 294171.4166243844,
            "p95": 4296943.674643538
        },
        "Monthly_Debit": {
            "p5": 215722.58112856676,
            "p95": 3339026.5716752596
        },
        "Cashflow_Volatility": {
            "p5": 0.0892166278320324,
            "p95": 0.6460302411793785
        },
        "Employee_Count": {
            "p5": 9.0,
            "p95": 38.0
        },
        "Payroll_Consistency": {
            "p5": 0.781121272102173,
            "p95": 0.9889962964380649
        },
        "Vendor_Payment_Delay": {
            "p5": 6.255278864938956,
            "p95": 24.594053841588536
        },
        "Working_Capital_Cycle": {
            "p5": 21.079956194542508,
            "p95": 102.14624026298085
        },
        "EMI_Bounce_Count": {
            "p5": 0.0,
            "p95": 3.0
        }
    },
    "Medium": {
        "Business_Age": {
            "p5": 1.0,
            "p95": 18.778954876564214
        },
        "Monthly_GST_Sales": {
            "p5": 815521.3796774863,
            "p95": 11551010.976514243
        },
        "GST_Growth_Rate": {
            "p5": -0.08932462626146134,
            "p95": 0.327634701202554
        },
        "GST_Filing_Delay": {
            "p5": 2.2783373597993193,
            "p95": 28.007091036668957
        },
        "GST_Compliance_Rate": {
            "p5": 0.8071053621610493,
            "p95": 1.0
        },
        "Monthly_UPI_Count": {
            "p5": 25.1,
            "p95": 130.5999999999999
        },
        "Monthly_UPI_Value": {
            "p5": 23805.60586688729,
            "p95": 252215.6310491156
        },
        "Digital_Sales_Ratio": {
            "p5": 0.31381569937066517,
            "p95": 0.9310338690219944
        },
        "Average_Bank_Balance": {
            "p5": 237295.1680863283,
            "p95": 4015683.96300655
        },
        "Monthly_Credit": {
            "p5": 806074.386338697,
            "p95": 11760560.71702802
        },
        "Monthly_Debit": {
            "p5": 592927.7324471619,
            "p95": 9674927.404905297
        },
        "Cashflow_Volatility": {
            "p5": 0.10013568166064307,
            "p95": 0.6548505684424003
        },
        "Employee_Count": {
            "p5": 44.0,
            "p95": 115.0
        },
        "Payroll_Consistency": {
            "p5": 0.8653327884130235,
            "p95": 1.0
        },
        "Vendor_Payment_Delay": {
            "p5": 6.200625674233594,
            "p95": 25.55917367805075
        },
        "Working_Capital_Cycle": {
            "p5": 22.45584392289365,
            "p95": 102.58040276620784
        },
        "EMI_Bounce_Count": {
            "p5": 0.0,
            "p95": 3.0
        }
    }
}